Commentary,Players,Teams,Sentiment,Confidence,Play Type
short of a length and some shape into off stump. Allows it come on and dabs with soft hands in front of point,"['James Anderson', 'Shikhar Dhawan']","['India', 'England total runs']",POSITIVE,0.912,no run
"length on leg stump, stays back and clips it through square leg off the back foot","['James Anderson', 'Shikhar Dhawan']","['India', 'England total runs']",NEGATIVE,0.781,run
"full and just outside off, no swing back this time, just angle. Watches it carefully and taps to point on the front foot","['James Anderson', 'Shikhar Dhawan']","['India', 'England total runs']",POSITIVE,0.901,no run
good length inswinger starts on leg and curves further down. Early exercise for Bairstow,"['James Anderson', 'Shikhar Dhawan', 'Bairstow']","['India', 'England total runs']",POSITIVE,0.964,no run
"short of a length and slanting across the corridor, left alone","['James Anderson', 'Shikhar Dhawan']","['India', 'England total runs']",NEGATIVE,0.999,no run
"short of a length and angled across off, left alone","['James Anderson', 'Shikhar Dhawan']","['India', 'England total runs']",NEGATIVE,0.993,no run
some wobble for Broad outside off. Good length and skidding through nicely just outside off. Left alone,"['KL Rahul', 'Broad', 'Stuart Broad']","['India', 'England total runs']",NEGATIVE,0.864,no run
short of a length and just outside off. Left alone,"['KL Rahul', 'Stuart Broad']","['India', 'England total runs']",NEGATIVE,0.999,no run
"short of a length on off stump, defended off the back foot","['KL Rahul', 'Stuart Broad']","['India', 'England total runs']",NEGATIVE,0.899,no run
"beats him. That's a great line, he's hit it consistently. Just outside off, draws him forward for the angle and gets it to cut past the outside edge","['KL Rahul', 'Stuart Broad']","['India', 'England total runs']",POSITIVE,0.999,no run
"short and wide outside off, left alone","['KL Rahul', 'Stuart Broad']","['India', 'England total runs']",NEGATIVE,0.987,no run
"length and in at off stump, drops it into the pitch with a closed face","['KL Rahul', 'Stuart Broad']","['India', 'England total runs']",POSITIVE,0.959,no run
"length ball slanted across the corridor, left alone","['James Anderson', 'Shikhar Dhawan']","['India', 'England total runs']",NEGATIVE,0.999,no run
"short of a length and wide outside off, left alone","['James Anderson', 'Shikhar Dhawan']","['India', 'England total runs']",NEGATIVE,0.998,no run
"length ball angled across off, stays in the crease and brings the bat down tentatively. It runs to midwicket off the inside edge","['James Anderson', 'Shikhar Dhawan']","['India', 'England total runs']",POSITIVE,0.955,no run
"length ball and pushed across off stump, left alone","['James Anderson', 'Shikhar Dhawan']","['India', 'England total runs']",NEGATIVE,0.994,no run
inwinger from Anderson. The old set up. But doesn't get the line right once again. Starts on middle and swings into the pad. Dhawan can't get bat on this attempted glance but India get the run off his thigh,"['James Anderson', 'Shikhar Dhawan', 'Dhawan', 'Anderson']","['India', 'England total runs']",POSITIVE,0.857,leg bye
"short of a length in the corridor, left alone","['KL Rahul', 'James Anderson']","['India', 'England total runs']",NEGATIVE,0.999,no run
"outswinger short and wide outside off, left alone","['Stuart Broad', 'Shikhar Dhawan']","['India', 'England total runs']",NEGATIVE,0.985,no run
"short of a length wide outside off, no shape away this time Left alone","['Stuart Broad', 'Shikhar Dhawan']","['India', 'England total runs']",NEGATIVE,0.996,no run
"length ball with some shape away, defended into the off side off the front foot","['Stuart Broad', 'Shikhar Dhawan']","['India', 'England total runs']",NEGATIVE,0.857,no run
"past the outside edge. That was close. His instinct is to play at the best of times, let alone when Broad forces him with the angle from around the wicket. This swings late and his jab against the rising ball in the corridor looks loose","['Stuart Broad', 'Shikhar Dhawan', 'Broad']","['India', 'England total runs']",NEGATIVE,0.998,no run
"short of a length and swinging away outside off, left alone","['Stuart Broad', 'Shikhar Dhawan']","['India', 'England total runs']",NEGATIVE,0.987,no run
beaten on the inside edge this time! Superb from Broad. Dhawan has been beaten on both edges from the same line. This one slants back in and he's in two minds. Preparing to leave but it comes back in,"['Shikhar Dhawan', 'Stuart Broad', 'Superb', 'Broad', 'Dhawan']","['India', 'England total runs']",POSITIVE,0.992,no run
"full on leg stump, tapped into the leg side with soft hands","['KL Rahul', 'James Anderson']","['India', 'England total runs']",POSITIVE,0.98,run
"beaten on the outside edge. Length ball pushed across off stump, jabs at it and can't get connection on it","['James Anderson', 'Shikhar Dhawan']","['India', 'England total runs']",NEGATIVE,0.997,no run
"length ball. Inswinger, into the pads. Easy for Dhawan. Allows it to come on and dabs it fine","['James Anderson', 'Shikhar Dhawan']","['India', 'England total runs']",POSITIVE,0.998,four
"length ball wide outside off, left alone","['James Anderson', 'Shikhar Dhawan']","['India', 'England total runs']",NEGATIVE,0.923,no run
"length on of stump, blocked on the front foot","['James Anderson', 'Shikhar Dhawan']","['India', 'England total runs']",NEGATIVE,0.989,no run
thick edge over the slips. Short of a length and cramping him just outside off with some shape away. He slashes at it and gets it to clear fourth slip,"['James Anderson', 'Shikhar Dhawan']","['India', 'England total runs']",NEGATIVE,0.852,four
"leans in nicely and transfers his weight into it. Tad away from the body as he drives this outswinger, but he played it late and opened the face at the right time. Stokes gives chase but he's beaten","['KL Rahul', 'Stuart Broad']","['India', 'England total runs']",POSITIVE,0.957,four
"short of a length on off stump, gets deep in the crease and taps it with soft hands in front of mid off","['KL Rahul', 'Stuart Broad']","['India', 'England total runs']",POSITIVE,0.965,run
"length ball swinging away wide outside off, left alone","['Stuart Broad', 'Shikhar Dhawan']","['India', 'England total runs']",NEGATIVE,0.748,no run
"short of a length just outside off, pokes it into the off side off the back foot","['Stuart Broad', 'Shikhar Dhawan']","['India', 'England total runs']",NEGATIVE,0.941,no run
"full outswinger, wide outside off. Left alone","['Stuart Broad', 'Shikhar Dhawan']","['India', 'England total runs']",NEGATIVE,0.992,no run
"length ball just outside off, pushed into the leg side off the back foot. An exaggerated shuffle from Dhawan there. Trying to get behind the line that had him in trouble last time he faced Broad","['Stuart Broad', 'Shikhar Dhawan', 'Broad']","['India', 'England total runs']",NEGATIVE,0.973,no run
length ball swung away from the corridor. Left alone on the back foot,"['KL Rahul', 'James Anderson']","['India', 'England total runs']",NEGATIVE,0.995,no run
climbs past the outside edge. Looks to defend this outswinger on the back foot but he's not behind the line,"['KL Rahul', 'James Anderson']","['India', 'England total runs']",NEGATIVE,0.728,no run
"short of a length outside off, left alone","['KL Rahul', 'James Anderson']","['India', 'England total runs']",NEGATIVE,0.997,no run
"wide of the crease but can't get the batsman to play on the angle. It's too short and too wide. Swings away, left alone","['KL Rahul', 'James Anderson']","['India', 'England total runs']",NEGATIVE,0.997,no run
"back close to the crease, but still a tad too wide. Short of a length and swung away, left alone","['KL Rahul', 'James Anderson']","['India', 'England total runs']",NEGATIVE,0.997,no run
beaten. Lovely away curving ball from off. Gets forward to defend and is done by the movement,"['KL Rahul', 'James Anderson']","['India', 'England total runs']",POSITIVE,0.999,no run
short of a length and slanted into the corridor. Left alone,"['Stuart Broad', 'Shikhar Dhawan']","['India', 'England total runs']",NEGATIVE,0.999,no run
"length ball swinging away, wide outside off, left alone","['Stuart Broad', 'Shikhar Dhawan']","['India', 'England total runs']",NEGATIVE,0.81,no run
"withdraws the bat and lets it go. Outswinger from a length, wide outside off","['Stuart Broad', 'Shikhar Dhawan']","['India', 'England total runs']",POSITIVE,0.933,no run
"shuffles and whips to fine leg. No fielder there, he's at deep backward square. This angles in and Dhawan is there early. On his toes and quick hands to get it down there","['Stuart Broad', 'Shikhar Dhawan']","['India', 'England total runs']",POSITIVE,0.91,four
"short of a length just outside off, defended into the off side off the back foot","['Stuart Broad', 'Shikhar Dhawan']","['India', 'England total runs']",NEGATIVE,0.943,no run
"squeezes one to the fine leg boundary again. Shuffles and nearly gets caught out with the front leg coming across off stump, but he manages to get bat in time","['Stuart Broad', 'Shikhar Dhawan']","['India', 'England total runs']",POSITIVE,0.968,four
"full outswinger outside off, left alone","['KL Rahul', 'James Anderson']","['India', 'England total runs']",NEGATIVE,0.994,no run
"short and wide outside off, left alone","['KL Rahul', 'James Anderson']","['India', 'England total runs']",NEGATIVE,0.987,no run
"short of a length on off stump, defended solidly off the back foot","['KL Rahul', 'James Anderson']","['India', 'England total runs']",POSITIVE,0.975,no run
"short of a length and wide outside off, left alone","['KL Rahul', 'James Anderson']","['India', 'England total runs']",NEGATIVE,0.998,no run
"short of a length and in at leg stump, pushed into the leg side with soft hands to steal a single from mid on","['KL Rahul', 'James Anderson']","['India', 'England total runs']",POSITIVE,0.786,run
"short of a length and wide outside off, left alone","['James Anderson', 'Shikhar Dhawan']","['India', 'England total runs']",NEGATIVE,0.998,no run
"drags this from way outside off with a pull. Peculiar shot. Short and wide, there for the hammering through cover. He rolls his wrists and gets it down to deep backward square","['KL Rahul', 'Ben Stokes']","['India', 'England total runs']",NEGATIVE,0.992,run
whack. Short and wide outside off and Dhawan stands tall and slaps it to the cover boundary,"['Shikhar Dhawan', 'Ben Stokes', 'Dhawan']","['India', 'England total runs']",POSITIVE,0.99,four
"short of a length on leg stump, deflected into the square leg region off the thigh guard","['Shikhar Dhawan', 'Ben Stokes']","['India', 'England total runs']",NEGATIVE,0.938,leg bye
short of a length and in at off stump. Defended off the back foot,"['KL Rahul', 'Ben Stokes']","['India', 'England total runs']",NEGATIVE,0.916,no run
"length ball in at off stump, solidly forward and smart to play with soft hands. Gets a single at cover","['KL Rahul', 'Ben Stokes']","['India', 'England total runs']",POSITIVE,1.0,run
"short of a length in the corridor, defended into the covers with soft hands","['Shikhar Dhawan', 'Ben Stokes']","['India', 'England total runs']",NEGATIVE,0.977,run
length ball with marginal shape away in the corridor. Defended on the front foot,"['James Anderson', 'Shikhar Dhawan']","['India', 'England total runs']",NEGATIVE,0.992,no run
jags back as he looks to leave this. He's withdrawn the bat behind his front pad. The ball has run into the slips off the face,"['James Anderson', 'Shikhar Dhawan']","['India', 'England total runs']",NEGATIVE,0.997,no run
"short and wide outside off, left alone","['James Anderson', 'Shikhar Dhawan']","['India', 'England total runs']",NEGATIVE,0.987,no run
"length ball angled in at middle stump, poked in front of square leg off the front foot","['James Anderson', 'Shikhar Dhawan']","['India', 'England total runs']",NEGATIVE,0.954,no run
"short of a length in the corridor, pushed to cover off the back foot","['James Anderson', 'Shikhar Dhawan']","['India', 'England total runs']",NEGATIVE,0.997,run
"length ball swung away outside off, left alone","['KL Rahul', 'James Anderson', 'ball swung']","['India', 'England total runs']",NEGATIVE,0.963,no run
"length ball wide outside off, plants the front leg forward and hides the bat behind it to allow this to go","['Shikhar Dhawan', 'Ben Stokes']","['India', 'England total runs']",POSITIVE,0.988,no run
short and very wide outside off. Stays tall and crunches it through extra cover. That's come on very very slowly,"['Shikhar Dhawan', 'Ben Stokes']","['India', 'England total runs']",NEGATIVE,0.921,four
"length ball wide outside off, left alone","['Shikhar Dhawan', 'Ben Stokes']","['India', 'England total runs']",NEGATIVE,0.923,no run
"short of a length and wide outside off, left alone","['Shikhar Dhawan', 'Ben Stokes']","['India', 'England total runs']",NEGATIVE,0.998,no run
"length and just outside off. Jabs at it on the front foot, gets it wide of mid on off the inside half","['Shikhar Dhawan', 'Ben Stokes']","['India', 'England total runs']",NEGATIVE,0.959,run
short of a length and angled into him. Gets an inside edge onto front thigh as he looks to defend. Dhawan calls for the run and beats Stokes on the sprint,"['KL Rahul', 'Ben Stokes', 'Dhawan']","['India', 'England total runs']",POSITIVE,0.997,run
full outswinger that starts from middle. Keeps his shape and allows it to swing before offering the full face,"['KL Rahul', 'James Anderson']","['India', 'England total runs']",POSITIVE,0.995,no run
"short and outside off, nicely behind for the cut. Finds backward point on the bounce","['KL Rahul', 'James Anderson']","['India', 'England total runs']",POSITIVE,0.999,no run
"short and wide outside off, left alone","['KL Rahul', 'James Anderson']","['India', 'England total runs']",NEGATIVE,0.987,no run
"short and very wide outside off, left alone","['KL Rahul', 'James Anderson']","['India', 'England total runs']",NEGATIVE,0.978,no run
"length ball swung away wide outside off, left alone","['KL Rahul', 'James Anderson', 'ball swung']","['India', 'England total runs']",NEGATIVE,0.668,no run
"short of a length with shape away in the corridor, left alone","['KL Rahul', 'James Anderson']","['India', 'England total runs']",NEGATIVE,0.999,no run
beaten on the inside edge as he leans in to try and flick this length ball from off stump,"['Shikhar Dhawan', 'Ben Stokes']","['India', 'England total runs']",NEGATIVE,0.917,no run
"short and shaping away outside off, opens the face and runs it to backward point","['Shikhar Dhawan', 'Ben Stokes']","['India', 'England total runs']",NEGATIVE,0.991,no run
inswinger but a little too short to trouble him. Manages to get glove on it and turn it behind square leg from a length,"['Shikhar Dhawan', 'Ben Stokes']","['India', 'England total runs']",NEGATIVE,0.815,run
"good length inswinger from wide outside off, defended solidly on the front foot","['KL Rahul', 'Ben Stokes']","['India', 'England total runs']",POSITIVE,0.999,no run
"another big inswinger. Into the pads from back of a length, he defends solidly towards midwicket","['KL Rahul', 'Ben Stokes']","['India', 'England total runs']",POSITIVE,0.996,no run
"overpitched outswinger, very wide outside off. Left alone","['KL Rahul', 'Ben Stokes']","['India', 'England total runs']",NEGATIVE,0.996,no run
"short of a length on off stump, defended off the back foot","['Shikhar Dhawan', 'Chris Woakes']","['India', 'England total runs']",NEGATIVE,0.899,no run
past the outside edge. Short of a length and angled across the corridor. Hangs his bat outside and is beaten,"['Shikhar Dhawan', 'Chris Woakes']","['India', 'England total runs']",NEGATIVE,1.0,no run
"short and slanted wide outside off, hangs the bat inside the line and lets it pass","['Shikhar Dhawan', 'Chris Woakes']","['India', 'England total runs']",NEGATIVE,0.975,no run
length and onto the pads. Tickled to fine leg off the back foot,"['Shikhar Dhawan', 'Chris Woakes']","['India', 'England total runs']",POSITIVE,0.983,run
"swipes and misses. Loose attempt at a cut. Short ball outside off keeps a touch low, but it was a nervous shot","['KL Rahul', 'Chris Woakes']","['India', 'England total runs']",NEGATIVE,0.821,no run
"length ball outside off, gets forward to cover off stump and leaves","['KL Rahul', 'Chris Woakes']","['India', 'England total runs']",NEGATIVE,0.986,no run
"fuller than a good length and simply floats through outside off, Dhawan doesn't bite yet. Left alone","['Shikhar Dhawan', 'Ben Stokes', 'Dhawan']","['India', 'England total runs']",NEGATIVE,0.718,no run
"Stokes draws the outside edge but it does not carry to third slip. Good length and slanting away outside off against the angle, Dhawan employs soft hands and prods it to the left of third slip","['Shikhar Dhawan', 'Ben Stokes']","['India', 'England total runs']",POSITIVE,0.924,no run
back of a length on a set of stumps outside off or even wider Dhawan shelves the big drive and lets it go again,"['Shikhar Dhawan', 'Ben Stokes', 'Dhawan']","['India', 'England total runs']",POSITIVE,0.662,no run
"short, wide, outside off, begging on its knees to be clattered away. Dhawan obliges, rocks back and cuts it to the right of a diving short cover","['Shikhar Dhawan', 'Ben Stokes']","['India', 'England total runs']",NEGATIVE,0.754,four
"pitched further up and outside off, Dhawan presses forward and drives through the line to mid off","['Shikhar Dhawan', 'Ben Stokes']","['India', 'England total runs']",POSITIVE,0.999,no run
"back of a length and shoved down leg, Dhawan aims a pull and collects only fresh air","['Shikhar Dhawan', 'Ben Stokes', 'Dhawan']","['India', 'England total runs']",NEGATIVE,0.967,no run
"delicious drive from Rahul. Pitched up and swinging away outside off, Rahul leans into it, shows off his high elbow, and creams a drive through the covers","['KL Rahul', 'Chris Woakes']","['India', 'England total runs']",POSITIVE,0.999,four
"full and angling in at off, shapes away slightly, Rahul pokes and edges it past the cordon for four","['KL Rahul', 'Chris Woakes']","['India', 'England total runs']",NEGATIVE,0.82,four
"back of a length on a fifth stump line outside off, Rahul shoulders arms","['KL Rahul', 'Chris Woakes']","['India', 'England total runs']",NEGATIVE,0.921,no run
"wide of the crease, full and angling into the pads, inside edged to square leg","['KL Rahul', 'Chris Woakes']","['India', 'England total runs']",POSITIVE,0.955,run
"back of a length on middle and leg, tucks up Dhawan for room. He sits back and jabs the ball away to the leg side","['Shikhar Dhawan', 'Chris Woakes']","['India', 'England total runs']",POSITIVE,0.936,no run
"Dhawan jumps back, gets on top of a short ball outside off and punches on the up to the covers","['Shikhar Dhawan', 'Dhawan', 'Chris Woakes']","['India', 'England total runs']",NEGATIVE,0.556,no run
"short and climbs further outside off, no shot from Rahul","['KL Rahul', 'Ben Stokes']","['India', 'England total runs']",NEGATIVE,0.97,no run
"back of a length and pushed wider outside off, Rahul does not go after it again","['KL Rahul', 'Rahul', 'Ben Stokes']","['India', 'England total runs']",NEGATIVE,0.992,no run
"short and angling in at off stump, Rahul has ample time to skip on the back foot and dab it to the off side","['KL Rahul', 'Ben Stokes']","['India', 'England total runs']",NEGATIVE,0.86,no run
"much fuller and closer to off, but does not threaten off, so Rahul swishes his bat away","['KL Rahul', 'Ben Stokes']","['India', 'England total runs']",NEGATIVE,0.963,no run
"Stokes dangles the bait outside off, again, Rahul bites this time and gets away. Throws his hands at a short ball outside off and flashes it over the cordon for a streaky four","['KL Rahul', 'Ben Stokes']","['India', 'England total runs']",POSITIVE,0.995,four
"oooooh, how did that miss off stump? Stokes ventures wide of the crease, and gets it to swing back in viciously and threaten off. Rahul's feet are static as he hangs his bat inside the line and is beaten. It wasn't too far away from the off stump either","['KL Rahul', 'Ben Stokes']","['India', 'England total runs']",NEGATIVE,0.972,no run
"short and angling away wide outside off, ignored","['Shikhar Dhawan', 'Chris Woakes']","['India', 'England total runs']",NEGATIVE,0.992,no run
"floated fuller and wider outside off, left alone again","['Shikhar Dhawan', 'Chris Woakes']","['India', 'England total runs']",POSITIVE,0.686,no run
"back of a length and angling away just a shade outside off, well left alone again","['Shikhar Dhawan', 'Chris Woakes']","['India', 'England total runs']",NEGATIVE,0.999,no run
"edged and taken at second slip. Woakes finds the outside edge and the breakthrough for England. Good length and slanting away outside off with the angle from over the wicket, Dhawan is squared up as he jabs with hard hands and snicks it behind to Buttler","['Shikhar Dhawan', 'Woakes', 'Chris Woakes', 'Buttler', 'Dhawan']","['India', 'England total runs']",POSITIVE,0.999,out
"back of a length on a fourth stump line, Pujara cautiously rides the bounce and dabs with soft hands to the cordon","['Cheteshwar Pujara', 'Chris Woakes']","['India', 'England total runs']",POSITIVE,0.979,no run
"full and outside off, pushed through the covers","['Cheteshwar Pujara', 'Chris Woakes']","['India', 'England total runs']",NEGATIVE,0.977,run
"good length and outside off, Pujara leaves it be","['Cheteshwar Pujara', 'Ben Stokes']","['India', 'England total runs']",POSITIVE,0.993,no run
"short and zips away outside off, Pujara presses forward, protects his off stump, and lets it go again","['Cheteshwar Pujara', 'Ben Stokes']","['India', 'England total runs']",POSITIVE,0.996,no run
"full and angling into the pads, neatly picked off fine of long leg for four","['Cheteshwar Pujara', 'Ben Stokes']","['India', 'England total runs']",POSITIVE,0.982,four
"dug in short on off, 133ks, although it looked quicker than that, Pujara stabs it away","['Cheteshwar Pujara', 'Ben Stokes', '133ks']","['India', 'England total runs']",NEGATIVE,0.996,no run
"big inswinginer from Stokes, from wide of the crease, pretty full, Pujara stabs it out again, this time to the leg side","['Cheteshwar Pujara', 'Ben Stokes']","['India', 'England total runs']",NEGATIVE,0.966,no run
Bairstow neatly takes this in front of his head. Bursts from a back of a length outside off and thuds into the gloves of the keeper as Pujara lets it go,"['Cheteshwar Pujara', 'Ben Stokes']","['India', 'England total runs']",NEGATIVE,0.874,no run
"good length, angling in, then seaming away, Rahul plays late, plays with soft hands, ensuring it does not carry to second or third slip. Nicely done","['KL Rahul', 'Chris Woakes']","['India', 'England total runs']",POSITIVE,0.999,no run
"good length and holds its line outside off, left alone in the channel","['KL Rahul', 'Chris Woakes']","['India', 'England total runs']",POSITIVE,0.88,no run
"good length, angling in towards off, then zipping away late, beaten","['KL Rahul', 'Chris Woakes']","['India', 'England total runs']",POSITIVE,0.986,no run
"back of a length and holds its line outside off, left alone","['KL Rahul', 'Chris Woakes']","['India', 'England total runs']",NEGATIVE,0.985,no run
"full and wobbles through outside off, left alone","['KL Rahul', 'Chris Woakes']","['India', 'England total runs']",NEGATIVE,0.999,no run
"Woakes pins Rahul in the crease with an inswinger. He has been given out leg before by umpire Erasmus. Rahul tucks his bat in and walks off. Pujara then chats with him, and Rahul eventually calls for a review. Is this heading down leg? Length ball, big inswinger from Woakes, catches Rahul in the crease, he plays around it and is rapped on the back pad. Ball tracking suggests it would crash into leg stump. Woakes takes out both the Indian openers after a solid start. After testing Rahul with five balls that moved away or held its line outside off, Woakes brings this one back in and nabs Rahul. Top bowling from Woakes. India lose Rahul and a review","['KL Rahul', 'Woakes', 'Rahul', 'Chris Woakes']","['India', 'England total runs']",POSITIVE,0.629,out
"rising short ball outside off, fended off","['Cheteshwar Pujara', 'Ben Stokes']","['India', 'England total runs']",POSITIVE,0.967,no run
"back of a length and outside off, ignored","['Cheteshwar Pujara', 'Ben Stokes']","['India', 'England total runs']",NEGATIVE,0.998,no run
"very full and straight, forward and flicked out to midwicket","['Cheteshwar Pujara', 'Ben Stokes']","['India', 'England total runs']",POSITIVE,0.999,no run
"back of a length and drifting down the leg side, past the reach of Pujara, past the reach of the diving keeper as well. Bairstow got his left glove to the ball, but it still dribbled away to the fence","['Cheteshwar Pujara', 'Ben Stokes', 'Bairstow']","['India', 'England total runs']",NEGATIVE,0.975,bye
"short and bounces outside off, no shot","['Cheteshwar Pujara', 'Ben Stokes']","['India', 'England total runs']",NEGATIVE,0.939,no run
"overpitched and outside off, Pujara opens the face and shovel drives it in the gap at cover point","['Cheteshwar Pujara', 'Ben Stokes']","['India', 'England total runs']",NEGATIVE,0.982,run
"good length and outside off, ignored","['Cheteshwar Pujara', 'Chris Woakes']","['India', 'England total runs']",POSITIVE,0.805,no run
"full and outside off, wobbles away, ignored","['Cheteshwar Pujara', 'Chris Woakes']","['India', 'England total runs']",NEGATIVE,0.998,no run
"a bit too full and outside off, Pujara presses forward and smoothly drives the ball through the covers. Not much of a follow through but the timing is exquisite, as is the placement. Stroked to the left of short cover","['Cheteshwar Pujara', 'Chris Woakes']","['India', 'England total runs']",POSITIVE,1.0,four
"Woakes shortens his length outside off, forces Pujara back, rides it out to the cordon","['Cheteshwar Pujara', 'Chris Woakes']","['India', 'England total runs']",POSITIVE,0.987,no run
"back of a length and holds its line outside off, left alone","['Cheteshwar Pujara', 'Chris Woakes']","['India', 'England total runs']",NEGATIVE,0.985,no run
"back of a length, angling in, and nipping away outside off, left alone again","['Cheteshwar Pujara', 'Chris Woakes']","['India', 'England total runs']",NEGATIVE,0.978,no run
"Kohli reaches out for his first ball and is beaten outside off. Fuller than a good length, angling in, then swinging away. Draws Kohli forward and teases his outside edge","['Stuart Broad', 'Draws Kohli', 'Virat Kohli', 'Kohli']","['India', 'England total runs']",POSITIVE,0.999,no run
"full inswinger, forward and inside edged to short midwicket","['Stuart Broad', 'Virat Kohli']","['India', 'England total runs']",NEGATIVE,0.755,no run
"back of a length and slanting in on middle, worked away to the leg side off the back foot","['Stuart Broad', 'Virat Kohli']","['India', 'England total runs']",NEGATIVE,0.964,run
"back of a length and outside off, Pujara leans back, rides the bounce, and steers the ball through the covers. Pujara's control of 100 remains intact after 21 balls","['Stuart Broad', 'Cheteshwar Pujara']","['India', 'England total runs']",POSITIVE,0.996,run
back of a length and angling into a back foot punch towards short cover,"['Stuart Broad', 'Cheteshwar Pujara']","['India', 'England total runs']",NEGATIVE,0.987,no run
"huuuuuge inswinger from Broad! Bring out the oh my Broad expression. Well, not quite. Good length, angling in, snaking in visiously, beats Pujara's inside edge and bounces over leg stump","['Stuart Broad', 'Cheteshwar Pujara', 'Broad']","['India', 'England total runs']",POSITIVE,0.587,no run
"good length and swings away against the angle, Kohli tightens and lets it pass","['Kohli', 'Virat Kohli', 'Chris Woakes']","['India', 'England total runs']",POSITIVE,0.999,no run
"full and straight, Kohli happily flicks it through the gap at midwicket","['Kohli', 'Virat Kohli', 'Chris Woakes']","['India', 'England total runs']",POSITIVE,1.0,run
"back of a length and holds its line outside off, left alone by Pujara","['Cheteshwar Pujara', 'Chris Woakes']","['India', 'England total runs']",NEGATIVE,0.991,no run
"full and outside off, left alone again","['Cheteshwar Pujara', 'Chris Woakes']","['India', 'England total runs']",NEGATIVE,0.998,no run
"full, angling in towards off, then swinging away, Pujara reads it well and shoulders arms","['Cheteshwar Pujara', 'Chris Woakes']","['India', 'England total runs']",POSITIVE,0.999,no run
"rolls through to the diving keeper. Full, angling in, and shaping away, left alone","['Cheteshwar Pujara', 'Chris Woakes']","['India', 'England total runs']",NEGATIVE,0.939,no run
"another big inswinger from Broad, Kohli is struck on the front pad below the knee roll. But impact is outside the line of off. Not given out lbw. Broad and England challenge the on field not out decision. It stays not out. Gee, Broad is getting these to hoop back in","['Stuart Broad', 'Broad', 'Virat Kohli', 'Kohli']","['India', 'England total runs']",POSITIVE,0.973,no run
"back of a length on a fourth stump line outside off, no shot","['Stuart Broad', 'Virat Kohli']","['India', 'England total runs']",NEGATIVE,0.96,no run
"back of a length and skidding in, Broad has Kohli falling over the flick now and pings the thigh","['Stuart Broad', 'Broad', 'Virat Kohli', 'Kohli']","['India', 'England total runs']",NEGATIVE,0.919,no run
"back of a length and bounces through the channel, Kohli has nothing to do with it","['Stuart Broad', 'Virat Kohli', 'Kohli']","['India', 'England total runs']",NEGATIVE,0.955,no run
Kohli gets his front foot across the line and works this inswinger to short midwicket,"['Stuart Broad', 'Virat Kohli', 'Kohli']","['India', 'England total runs']",NEGATIVE,0.935,no run
full and wide outside off wider than a set of stumps outside off Kohli still chases it for nothing. Carved away to point. What a risky shot for no runs,"['Stuart Broad', 'Virat Kohli', 'Kohli']","['India', 'England total runs']",NEGATIVE,0.973,no run
"wide of the crease, angling into a back foot defence to short midwicket","['Cheteshwar Pujara', 'Chris Woakes']","['India', 'England total runs']",NEGATIVE,0.893,no run
"full and just a shade outside off, Pujara judges it well and lets it go","['Cheteshwar Pujara', 'Chris Woakes']","['India', 'England total runs']",POSITIVE,1.0,no run
"good length on middle, Pujara carefully blocks to the leg side","['Cheteshwar Pujara', 'Chris Woakes']","['India', 'England total runs']",POSITIVE,0.989,no run
"Oh, Pujara holes out at the stroke of lunch. Chest high short ball on middle, Pujara takes it on with an uncharacteristic hook, as opposed to swaying away or ducking under it, he can't keep it down and hits it straight down the throat of Rashid at long leg. He had swivelled on the back foot and hit the ball a bit too early","['Rashid', 'Cheteshwar Pujara', 'Chris Woakes']","['India', 'England total runs']",NEGATIVE,0.986,out
short of a length and angled in at off. Cuts away too but Rahane solidly behind it to defend,"['Rahane', 'Ajinkya Rahane', 'Chris Woakes']","['India', 'England total runs']",POSITIVE,0.999,no run
"full outswinger just outside off, left alone","['Ajinkya Rahane', 'Chris Woakes']","['India', 'England total runs']",NEGATIVE,0.997,no run
"length ball at off stump, blocked solidly on the front foot","['Stuart Broad', 'Virat Kohli']","['India', 'England total runs']",NEGATIVE,0.883,no run
"length on off stump, defended down the pitch off the front foot","['Stuart Broad', 'Virat Kohli']","['India', 'England total runs']",POSITIVE,0.593,no run
"in control. Short of a length ball outside off, shuffles to get behind it and opens the face to run it past third slip with soft hands","['Stuart Broad', 'Virat Kohli']","['India', 'England total runs']",POSITIVE,0.965,run
beaten. Seam up and landing in the corridor. Jags away as he looks to defend on the back foot,"['Stuart Broad', 'Virat Kohli', 'Jags']","['India', 'England total runs']",NEGATIVE,0.999,no run
"short of a length on off stump, defended off the back foot","['Stuart Broad', 'Virat Kohli']","['India', 'England total runs']",NEGATIVE,0.899,no run
cops it on the body as this one climbs up from a length. He was looking to press forward outside off,"['Stuart Broad', 'Virat Kohli']","['India', 'England total runs']",NEGATIVE,0.96,no run
short of a length and banged in at off stump. Shapes away a touch. Run into the slips with soft hands,"['Ajinkya Rahane', 'Chris Woakes']","['India', 'England total runs']",NEGATIVE,0.965,no run
"length outside off, blocked with a big front foot stride","['Ajinkya Rahane', 'Chris Woakes']","['India', 'England total runs']",NEGATIVE,0.918,no run
"full and swung away outside off, left alone","['Ajinkya Rahane', 'Chris Woakes']","['India', 'England total runs']",NEGATIVE,0.949,no run
nicely timed. Short of a length ball on the pads and he waits late before nudging this through square leg,"['Ajinkya Rahane', 'Chris Woakes']","['India', 'England total runs']",POSITIVE,0.992,run
"short of a length outside off, pushed into the off side off the back foot","['Ajinkya Rahane', 'Chris Woakes']","['India', 'England total runs']",NEGATIVE,0.989,no run
length ball angled in at the corridor. Gets forward to leave,"['Ajinkya Rahane', 'Chris Woakes']","['India', 'England total runs']",POSITIVE,0.993,no run
"short of a length outside off, gets forward to defend and chops it into the pitch","['Stuart Broad', 'Virat Kohli']","['India', 'England total runs']",POSITIVE,0.992,no run
"oh lovely shot, but Stokes won't give him runs at point. Overpitched ball shaping away from him. He opens the face late after a front foot stride. Stokes dives to his left and saves","['Stuart Broad', 'Stokes', 'Virat Kohli']","['India', 'England total runs']",POSITIVE,0.982,no run
length ball swung in at off stump. Gets closer to the ball this time and opens the face again. This time he gets it to Stokes' left,"['Stuart Broad', 'Stokes', 'Virat Kohli']","['India', 'England total runs']",POSITIVE,0.979,run
inswinger fired down leg side. Looks to whip it but that's swung viciously. Bairstow flies to his left to gather one handed,"['Stuart Broad', 'Virat Kohli']","['India', 'England total runs']",NEGATIVE,0.942,no run
"well timed again. Length ball outside off, allows it to skid on and nudges it wide of mid on","['Stuart Broad', 'Virat Kohli']","['India', 'England total runs']",POSITIVE,0.996,run
thick outside edge rolls through to third slip. Gets forward to defend an outswinger that's quite wide,"['Stuart Broad', 'Virat Kohli']","['India', 'England total runs']",POSITIVE,0.984,no run
length ball hooping away from wide outside off. Left alone,"['Ajinkya Rahane', 'Chris Woakes']","['India', 'England total runs']",NEGATIVE,0.993,no run
"well played. Full outswinger on off stump, almost yorker length. Allows it to get in his area and gently taps it between bowler and mid off","['Ajinkya Rahane', 'Chris Woakes']","['India', 'England total runs']",POSITIVE,1.0,four
"short of a length on off stump, defended off the back foot","['Ajinkya Rahane', 'Chris Woakes']","['India', 'England total runs']",NEGATIVE,0.899,no run
"misfield at square leg. Looks like Anderson. Yes, he's cleaning up at the boundary now. Length ball onto the pads was tapped straight to him. He was late on getting down","['Anderson', 'Ajinkya Rahane', 'Chris Woakes']","['India', 'England total runs']",NEGATIVE,0.976,run
"full outswinger on off stump, pushed straight to cover. Not happy with himself. That was driving length for him","['Virat Kohli', 'Chris Woakes']","['India', 'England total runs']",NEGATIVE,0.997,no run
length and in at leg stump. Tapped through square leg with a closed face,"['Virat Kohli', 'Chris Woakes']","['India', 'England total runs']",NEGATIVE,0.816,run
outside edge falls short of third slip. Hard handed jab at a rising length ball outside off,"['Stuart Broad', 'Virat Kohli']","['India', 'England total runs']",NEGATIVE,0.92,no run
"length ball on off stump, defended into the off side","['Stuart Broad', 'Virat Kohli']","['India', 'England total runs']",POSITIVE,0.893,no run
"length ball on off stump, blocked on the front foot off the bat pad","['Stuart Broad', 'Virat Kohli']","['India', 'England total runs']",NEGATIVE,0.948,no run
"length on off stump, pad across into the off side and a late flick of the wrists to get this wide of mid on","['Stuart Broad', 'Virat Kohli']","['India', 'England total runs']",NEGATIVE,0.909,run
"short ball in the corridor, nicely on top of it to defend into the covers","['Stuart Broad', 'Ajinkya Rahane']","['India', 'England total runs']",POSITIVE,0.999,no run
"length ball outside off, defended solidly on the front foot","['Stuart Broad', 'Ajinkya Rahane']","['India', 'England total runs']",POSITIVE,0.998,no run
looks to flick from off stump. Rattled on the back thigh. This is length and in at off,"['Virat Kohli', 'Chris Woakes']","['India', 'England total runs']",NEGATIVE,0.983,no run
length ball curved away from the corridor. Left alone,"['Virat Kohli', 'Chris Woakes']","['India', 'England total runs']",NEGATIVE,0.996,no run
length ball on leg stump. Can't get bat on the flick but his deflection off the thigh brings India their hundred,"['Virat Kohli', 'Chris Woakes']","['India', 'England total runs']",POSITIVE,0.999,leg bye
"leading edge safely out to the wide third man boundary. That's a brilliant delivery from Woakes. Angles it into middle and leg from wide of the crease, gets it to straighten. Rahane has already closed the face on the flick but this bisects fourth slip and backward point comfortably","['Rahane', 'Ajinkya Rahane', 'Chris Woakes']","['India', 'England total runs']",POSITIVE,0.999,four
shout for lbw but that's going down. Length ball strikes him in front of leg stump but that hasn't straightened. Off the thigh guard down to fine leg,"['Ajinkya Rahane', 'Chris Woakes']","['India', 'England total runs']",NEGATIVE,0.994,leg bye
struck in front but that was probably going high. England won't review this lbw decision. Slanted in from a length and the extra bounce saves Kohli who is beaten on the inside edge once again,"['Kohli', 'Virat Kohli', 'Chris Woakes']","['India', 'England total runs']",POSITIVE,0.97,no run
"length ball wide outside off, left alone","['Stuart Broad', 'Ajinkya Rahane']","['India', 'England total runs']",NEGATIVE,0.923,no run
"short of a length on off stump, defended off the back foot","['Stuart Broad', 'Ajinkya Rahane']","['India', 'England total runs']",NEGATIVE,0.899,no run
"full on off stump, gently nudged to mid off from the crease","['Stuart Broad', 'Ajinkya Rahane']","['India', 'England total runs']",NEGATIVE,0.933,no run
"length ball swung away wide outside off, left alone","['Stuart Broad', 'Ajinkya Rahane', 'ball swung']","['India', 'England total runs']",NEGATIVE,0.668,no run
well left. That climbs steeply outside off as he gets forward to defend. Does well to get the bat out of the way,"['Stuart Broad', 'Ajinkya Rahane']","['India', 'England total runs']",NEGATIVE,0.974,no run
"length ball on off stump, blocked on the front foot","['Stuart Broad', 'Ajinkya Rahane']","['India', 'England total runs']",NEGATIVE,0.942,no run
"shot. If we bats long, we'll see a lot of this from Kohli. Short stride, posibbly because of his back issues, but he has drilled that on the up through extra cover. Length ball swung away from wide outside off","['Kohli', 'Virat Kohli', 'Chris Woakes']","['India', 'England total runs']",POSITIVE,0.988,four
"short of a length outswinger from the corridor, left alone","['Virat Kohli', 'Chris Woakes']","['India', 'England total runs']",NEGATIVE,0.998,no run
length ball angled in at middle stump. Wacthful push into the leg side,"['Virat Kohli', 'Chris Woakes']","['India', 'England total runs']",NEGATIVE,0.811,no run
"yorker length at middle stump, gets the front leg out of the way and jams it into the leg side","['Virat Kohli', 'Chris Woakes']","['India', 'England total runs']",NEGATIVE,0.764,no run
well left. This comes in with the angle in the corridor. But he's covered off stump to let it pass,"['Virat Kohli', 'Chris Woakes']","['India', 'England total runs']",NEGATIVE,0.999,no run
"length ball wide outside off, left alone","['Virat Kohli', 'Chris Woakes']","['India', 'England total runs']",NEGATIVE,0.923,no run
bouncer wide outside off. Thinks of the hook but it's gone too far away for him,"['Ben Stokes', 'Ajinkya Rahane']","['India', 'England total runs']",NEGATIVE,0.999,no run
"short of a length outside off, bit of an away from the body poke this time. Opened face, angled bat, can't get it past point","['Ben Stokes', 'Ajinkya Rahane']","['India', 'England total runs']",NEGATIVE,0.954,no run
outside edge past Jennings who is in close with a helmet at third slip. It still falls short to his right. Rahane plays with soft hands as this rises up from short of a length,"['Jennings', 'Ben Stokes', 'Ajinkya Rahane']","['India', 'England total runs']",NEGATIVE,0.554,four
"short of a length at middle stump, thick inside edge through square leg","['Ben Stokes', 'Ajinkya Rahane']","['India', 'England total runs']",NEGATIVE,0.797,run
"full ball wide outside off, jammed into the covers","['full ball', 'Ben Stokes', 'Virat Kohli']","['India', 'England total runs']",NEGATIVE,0.992,no run
"short of a length and wide outside off, left alone","['Ben Stokes', 'Virat Kohli']","['India', 'England total runs']",NEGATIVE,0.998,no run
"length ball curving away in the corridor, left alone","['James Anderson', 'Ajinkya Rahane']","['India', 'England total runs']",NEGATIVE,0.998,no run
"that's expertly done. Good stride, gets close to the ball, bat close to body and a high elbow as Rahane meets this outswinger outside off and caresses it wide of mid off","['James Anderson', 'Rahane', 'Ajinkya Rahane']","['India', 'England total runs']",POSITIVE,0.999,run
"length on off stump, blocked into the covers with a step down the pitch","['James Anderson', 'Virat Kohli']","['India', 'England total runs']",NEGATIVE,0.987,no run
"length ball jumps away from outside off, left alone","['James Anderson', 'Virat Kohli', 'ball jumps']","['India', 'England total runs']",NEGATIVE,0.992,no run
"length outside off, zips away and he follows with his hands. Opens the face and gets it wide of third slip","['James Anderson', 'Virat Kohli']","['India', 'England total runs']",POSITIVE,0.992,run
"short of a length outside off, defended off the back foot","['James Anderson', 'Virat Kohli']","['India', 'England total runs']",NEGATIVE,0.896,no run
"aerial but safe. Rahane not in control but he picks up four. It's not a cut, it isn't a back foot drive. Something halfway a stab away from the body while he's still in the air trying to get on top of this. Short ball from Stokes outside off, but that wasn't convincing from the batsman","['Stokes', 'Ben Stokes', 'Ajinkya Rahane']","['India', 'England total runs']",NEGATIVE,0.988,four
"short of a length outside off, dropped into the point region with soft hands","['Ben Stokes', 'Ajinkya Rahane']","['India', 'England total runs']",POSITIVE,0.876,run
"short of a length outside off, pokes through point","['Ben Stokes', 'Virat Kohli']","['India', 'England total runs']",NEGATIVE,0.765,run
length ball in at middle and leg. Solidly defended with a straight bat,"['Ben Stokes', 'Ajinkya Rahane']","['India', 'England total runs']",POSITIVE,0.999,no run
short of a length and cramping him at the hips. Forces it behind square with the bottom hand off,"['Ben Stokes', 'Ajinkya Rahane']","['India', 'England total runs']",POSITIVE,0.921,run
"easy. A full toss on off stump and anyone from this batting order, despite their demons, would have put that away. Kohli picks midwicket and he sends it there","['Ben Stokes', 'Virat Kohli']","['India', 'England total runs']",POSITIVE,0.997,four
inside edge onto pad. Stays back to a length ball in the corridor,"['James Anderson', 'Ajinkya Rahane']","['India', 'England total runs']",NEGATIVE,0.946,no run
"length outside off, left alone","['James Anderson', 'Ajinkya Rahane']","['India', 'England total runs']",NEGATIVE,0.998,no run
"length on off, defended from the crease","['James Anderson', 'Ajinkya Rahane']","['India', 'England total runs']",NEGATIVE,0.558,no run
"short of a length at of stump, defneded off the back foot","['James Anderson', 'Ajinkya Rahane']","['India', 'England total runs']",NEGATIVE,0.933,no run
"length on off stump, poked to point off the back foot","['James Anderson', 'Ajinkya Rahane']","['India', 'England total runs']",NEGATIVE,0.976,no run
"short of a length on leg stump, pushed to square leg off the back foot","['James Anderson', 'Ajinkya Rahane']","['India', 'England total runs']",NEGATIVE,0.976,no run
"length on off stump, well forward to block","['Virat Kohli', 'Adil Rashid']","['India', 'England total runs']",NEGATIVE,0.965,no run
"dropped short on middle stump, gets deep in the crease and whips it to deep square's left","[""deep square's"", 'Virat Kohli', 'Adil Rashid']","['India', 'England total runs']",NEGATIVE,0.797,run
"short on middle stump, punched to mid on off the back foot","['Virat Kohli', 'Adil Rashid']","['India', 'England total runs']",NEGATIVE,0.997,no run
"that's woeful. For all the beauty they can produce, no one quite does half trackers as badly as legspinners. This one is on the pads, dug in shorter than bouncer length. Kohli gets back and whips to fine leg","['Virat Kohli', 'Adil Rashid']","['India', 'England total runs']",NEGATIVE,0.984,four
"tossed up outside off, left alone","['Virat Kohli', 'Adil Rashid']","['India', 'England total runs']",NEGATIVE,0.999,no run
"creamed. Floated right up, wide outside off. Gets to the pitch and beats sweeper cover easily to his right","['Virat Kohli', 'Adil Rashid']","['India', 'England total runs']",POSITIVE,0.998,four
overpitched on the pads nicely clipped to the square leg boundary. Class from Rahane. Plays that so late,"['James Anderson', 'Ajinkya Rahane']","['India', 'England total runs']",POSITIVE,0.996,four
beaten. Straightens in the corridor as Rahane gets forward to defend with hard hands,"['James Anderson', 'Rahane', 'Ajinkya Rahane', 'Straightens']","['India', 'England total runs']",POSITIVE,0.946,no run
length and slanted into the corridor. Gets behind it and defends with soft hands,"['James Anderson', 'Ajinkya Rahane']","['India', 'England total runs']",POSITIVE,0.983,no run
"length on leg stump, pings off the inside half as he looks to defend on the front foot. Trickles teasingly to fine leg's left","['James Anderson', 'Ajinkya Rahane', 'Trickles']","['India', 'England total runs']",NEGATIVE,0.61,run
"full outside off, left alone","['James Anderson', 'Ajinkya Rahane']","['India', 'England total runs']",NEGATIVE,0.998,no run
"short of a length just outside off, defended into the covers off the back foot","['James Anderson', 'Ajinkya Rahane']","['India', 'England total runs']",NEGATIVE,0.967,no run
"non turner outside off, left alone","['Virat Kohli', 'Adil Rashid']","['India', 'England total runs']",NEGATIVE,0.998,no run
"looped up full and outside off, Kohli drives with the wrists and finds deep cover","['Virat Kohli', 'Adil Rashid', 'Kohli']","['India', 'England total runs']",POSITIVE,0.97,run
"shorter and sliding into the pads, Rahane whips it away to deep square leg off the back foot","['Rahane', 'Ajinkya Rahane', 'Adil Rashid']","['India', 'England total runs']",POSITIVE,0.833,run
"back of a length and breaks away outside off, Rahane jumps back and slaps it away to the left of deep cover","['Rahane', 'Ajinkya Rahane', 'Adil Rashid']","['India', 'England total runs']",NEGATIVE,0.968,run
"tossed on off, not much turn, Rahane stretches out to smother it","['Rahane', 'Ajinkya Rahane', 'Adil Rashid']","['India', 'England total runs']",NEGATIVE,0.997,no run
"on a length on off, defended off the front foot again","['Ajinkya Rahane', 'Adil Rashid']","['India', 'England total runs']",POSITIVE,0.644,no run
"inswinger from Anderson, Kohli gets his front pad outside the line and gets struck on the front pad. Replays detect an inside edge","['James Anderson', 'Kohli', 'Virat Kohli', 'Anderson']","['India', 'England total runs']",NEGATIVE,0.591,no run
"pitched up and outside off, patted to the covers off the front foot","['James Anderson', 'Virat Kohli']","['India', 'England total runs']",NEGATIVE,0.99,no run
"full and straight, forward and flicked to midwicket","['James Anderson', 'Virat Kohli']","['India', 'England total runs']",POSITIVE,0.989,no run
"good length and outside off, Kohli stretches out, manipulates the bat face and drives it in the gap at point for four","['James Anderson', 'Virat Kohli', 'Kohli']","['India', 'England total runs']",POSITIVE,0.997,four
"good length inswinger, teases the off stump, Kohli knows it won't come back enough to kiss off. Left alone","['James Anderson', 'Virat Kohli', 'Kohli']","['India', 'England total runs']",NEGATIVE,0.615,no run
"full and curving in, Kohli gets his front pad outside the line and takes it on the pad. Impact outside the line again","['James Anderson', 'Virat Kohli', 'Kohli']","['India', 'England total runs']",POSITIVE,0.996,no run
"floats a legbreak up outside off, Rahane presses forward and eases a single to sweeper cover","['Rahane', 'Ajinkya Rahane', 'Adil Rashid']","['India', 'England total runs']",POSITIVE,0.999,run
"dangled up on off, driven to the covers off the front foot","['Virat Kohli', 'Adil Rashid']","['India', 'England total runs']",NEGATIVE,0.892,no run
"full on middle, dead batted away","['Virat Kohli', 'Adil Rashid']","['India', 'England total runs']",POSITIVE,0.99,no run
opens the face and drives a full ball to cover,"['Virat Kohli', 'Adil Rashid']","['India', 'England total runs']",POSITIVE,0.995,no run
"fuller and outside off, Kohli leans into another drive and strokes it straight to the covers","['Virat Kohli', 'Adil Rashid', 'Kohli']","['India', 'England total runs']",POSITIVE,0.998,no run
"dragged short on middle, Kohli goes on the back foot and whips a single to deep midwicket","['Virat Kohli', 'Adil Rashid', 'Kohli']","['India', 'England total runs']",POSITIVE,0.95,run
"good length and slanting in on middle, Rahane shuffles across off and drops the ball to the leg side","['James Anderson', 'Rahane', 'Ajinkya Rahane']","['India', 'England total runs']",POSITIVE,0.995,no run
"back of a length on a fourth stump line, Rahane gets right behind it and blocks stoutly to cover","['James Anderson', 'Rahane', 'Ajinkya Rahane']","['India', 'England total runs']",POSITIVE,0.614,no run
Rahane opens the face and glides this length ball to the left of backward point,"['James Anderson', 'Ajinkya Rahane']","['India', 'England total runs']",POSITIVE,0.978,no run
"good length on off, Rahane gets right forward and defends to cover","['James Anderson', 'Rahane', 'Ajinkya Rahane']","['India', 'England total runs']",POSITIVE,1.0,no run
"back of a length on off, Rahane opens the face and steers the ball quietly to backward point","['James Anderson', 'Rahane', 'Ajinkya Rahane']","['India', 'England total runs']",NEGATIVE,0.659,no run
full and angling into a front foot drive to mid on,"['James Anderson', 'Ajinkya Rahane']","['India', 'England total runs']",NEGATIVE,0.958,no run
"full on off, Kohli stays leg side of the ball and laces a single to sweeper cover","['Virat Kohli', 'Adil Rashid', 'Kohli']","['India', 'England total runs']",POSITIVE,0.997,run
"tossed outside off, Rahane stretches out and flat bats the ball away to the right of sweeper","['Rahane', 'Ajinkya Rahane', 'Adil Rashid']","['India', 'England total runs']",NEGATIVE,0.981,run
"dragged down on off, keeps a bit low. Rahane goes back, adjusts to the lack of bounce, and punches back to Rashid","['Ajinkya Rahane', 'Adil Rashid']","['India', 'England total runs']",NEGATIVE,0.994,no run
"tosses it up outside off and gets it to spin away, left alone","['Ajinkya Rahane', 'Adil Rashid']","['India', 'England total runs']",NEGATIVE,0.993,no run
"full on off, front foot defensive from Rahane","['Ajinkya Rahane', 'Adil Rashid']","['India', 'England total runs']",NEGATIVE,0.928,no run
Rahane reads this legbreak and lets it go outside off,"['Ajinkya Rahane', 'Adil Rashid']","['India', 'England total runs']",POSITIVE,0.988,no run
Kohli gets inside the line of this length ball on middle and clips a single to deep square leg,"['James Anderson', 'Virat Kohli', 'Kohli']","['India', 'England total runs']",POSITIVE,0.987,run
"good length just a shade outside off, tapped to the covers off the front foot","['James Anderson', 'Ajinkya Rahane']","['India', 'England total runs']",POSITIVE,0.827,no run
back of a length and angling into a gentle little push back to Anderson,"['James Anderson', 'Ajinkya Rahane', 'Anderson']","['India', 'England total runs']",POSITIVE,0.963,no run
"back of a length and outside off, jabbed to point off the back foot","['James Anderson', 'Ajinkya Rahane']","['India', 'England total runs']",NEGATIVE,0.932,no run
"good length on a fourth stump line, blocked off the front foot","['James Anderson', 'Ajinkya Rahane']","['India', 'England total runs']",POSITIVE,0.988,no run
"shorter on off, Rahane camps back and stabs it to the covers","['James Anderson', 'Rahane', 'Ajinkya Rahane']","['India', 'England total runs']",NEGATIVE,0.986,no run
"on a length and breaks away outside off, driven fluently to sweeper off the front foot","['Virat Kohli', 'Adil Rashid']","['India', 'England total runs']",POSITIVE,0.657,run
"much fuller and outside off, eased through the covers again, this time by Rahane","['Rahane', 'Ajinkya Rahane', 'Adil Rashid']","['India', 'England total runs']",POSITIVE,0.978,run
"half tracker, finishes outside leg, Kohli rocks back and pummels it away behind square for four","['Virat Kohli', 'Adil Rashid', 'Kohli']","['India', 'England total runs']",NEGATIVE,0.511,four
"dangled up wide outside off, spins away further, left alone","['Virat Kohli', 'Adil Rashid']","['India', 'England total runs']",NEGATIVE,0.884,no run
"full on off, pressed to the covers","['Virat Kohli', 'Adil Rashid']","['India', 'England total runs']",NEGATIVE,0.974,no run
"full and outside off, stretches out and drives with the wrists square on the off side for a couple of runs. Positive running from Kohli and Rahane","['Rahane', 'Virat Kohli', 'Adil Rashid', 'Kohli']","['India', 'England total runs']",POSITIVE,0.994,run
"good length and angling into off stump, Rahane deploys a strong stride and deals with it","['James Anderson', 'Rahane', 'Ajinkya Rahane']","['India', 'England total runs']",POSITIVE,1.0,no run
"back of a length on off, defensively dropped to the off side off the back foot","['James Anderson', 'Ajinkya Rahane']","['India', 'England total runs']",NEGATIVE,0.981,no run
"just short of a good length and outside off, Rahane meets it with an open face and handsomely punches past cover's left","['James Anderson', 'Rahane', 'Ajinkya Rahane']","['India', 'England total runs']",POSITIVE,0.996,four
"shortish and outside off, Rahane rides it out to backward point","['James Anderson', 'Rahane', 'Ajinkya Rahane']","['India', 'England total runs']",POSITIVE,0.615,no run
"similar ball from Anderson, similar short, steered to backward point","['James Anderson', 'Ajinkya Rahane', 'Anderson']","['India', 'England total runs']",NEGATIVE,0.983,no run
"good length and outside off, Rahane shoulders arms and rounds out the over","['James Anderson', 'Rahane', 'Ajinkya Rahane']","['India', 'England total runs']",POSITIVE,1.0,no run
"back of a length and outside off, the old ball isn't moving, Kohli reaches out and punches through point to bring up his fifty. He raises his bat and a hug from Rahane is part of the celebrations","['Rahane', 'Kohli', 'Virat Kohli', 'Chris Woakes']","['India', 'England total runs']",POSITIVE,0.994,run
"back of a length and on a fourth stump line, Rahane gets on top of it and jabs the ball to the covers","['Rahane', 'Ajinkya Rahane', 'Chris Woakes']","['India', 'England total runs']",POSITIVE,0.985,no run
"short on the hips, tucked away to deep square leg","['Ajinkya Rahane', 'Chris Woakes']","['India', 'England total runs']",POSITIVE,0.856,run
"pitched up and outside off, driven to deep ish mid off","['Virat Kohli', 'Chris Woakes']","['India', 'England total runs']",NEGATIVE,0.997,no run
"full and outside off, opens the face and secures a single to point","['Virat Kohli', 'Chris Woakes']","['India', 'England total runs']",POSITIVE,0.998,run
"spits up from a length on off, hits the splice and rolls to the cordon","['Ajinkya Rahane', 'Chris Woakes']","['India', 'England total runs']",NEGATIVE,0.988,no run
"back of a length and outside off, Kohli loosens his grip and fends it back to Anderson","['James Anderson', 'Virat Kohli', 'Anderson', 'Kohli']","['India', 'England total runs']",POSITIVE,0.992,no run
"back of a length and outside off, opens the face and pats the ball to the covers","['James Anderson', 'Virat Kohli']","['India', 'England total runs']",POSITIVE,0.829,no run
"full and outside off, driven to the covers off the back foot","['James Anderson', 'Virat Kohli']","['India', 'England total runs']",NEGATIVE,0.985,no run
"full on the stumps, shuffles across and blocks to the leg side","['James Anderson', 'Virat Kohli']","['India', 'England total runs']",NEGATIVE,0.986,no run
"good length on off, shuffles across again, this time he pushes to mid on","['James Anderson', 'Virat Kohli']","['India', 'England total runs']",POSITIVE,0.915,no run
"back of a length and outside off, left alone","['James Anderson', 'Virat Kohli']","['India', 'England total runs']",NEGATIVE,0.999,no run
"short, wide, Rahane gets on top of it and flays it away to bring up a fifty of his own. Crunched through the cover point region","['Rahane', 'Ajinkya Rahane', 'Chris Woakes']","['India', 'England total runs']",NEGATIVE,0.677,four
"short, wide, again, laced to the covers","['Ajinkya Rahane', 'Chris Woakes']","['India', 'England total runs']",NEGATIVE,0.974,no run
"full outswinger, Rahane watches it through to the keeper","['Rahane', 'Ajinkya Rahane', 'Chris Woakes']","['India', 'England total runs']",POSITIVE,0.999,no run
"fullish and outside off, no shot","['Ajinkya Rahane', 'Chris Woakes']","['India', 'England total runs']",NEGATIVE,0.975,no run
"back of a length and bounces through the channel, Rahane shoulders arms again","['Rahane', 'Ajinkya Rahane', 'Chris Woakes']","['India', 'England total runs']",POSITIVE,0.998,no run
"full and wobbles away outside off, Rahane keeps leaving these","['Rahane', 'Ajinkya Rahane', 'Chris Woakes']","['India', 'England total runs']",NEGATIVE,0.992,no run
"short and outside off, Kohli swivels on the back foot and drags to deep midwicket","['Ben Stokes', 'Virat Kohli', 'Kohli']","['India', 'England total runs']",NEGATIVE,0.993,no run
"lifter outside off, Kohli ducks under it","['Ben Stokes', 'Virat Kohli', 'Kohli']","['India', 'England total runs']",POSITIVE,0.986,no run
"another short ball outside off, tempts Kohli into a hook and sails over his head","['Ben Stokes', 'Virat Kohli', 'Kohli']","['India', 'England total runs']",POSITIVE,0.9,no run
"short and outside off, Kohli sways his upper body out of the way and lets it go","['Ben Stokes', 'Virat Kohli', 'Kohli']","['India', 'England total runs']",POSITIVE,0.999,no run
"short and rises outside off, Kohli rises with it, aims to ramp it over the cordon. Beaten in the end","['Ben Stokes', 'Virat Kohli', 'Kohli']","['India', 'England total runs']",NEGATIVE,0.961,no run
"bouncer outside off, umpire Erasmus calls it a wide and has a word with Stokes","['Stokes', 'Ben Stokes', 'Virat Kohli']","['India', 'England total runs']",POSITIVE,0.985,wide
Kohli hops and tucks a back of a length ball to midwicket,"['Ben Stokes', 'Virat Kohli']","['India', 'England total runs']",POSITIVE,0.52,no run
"short on off, Rahane hops and fends to cover","['Rahane', 'Ajinkya Rahane', 'Chris Woakes']","['India', 'England total runs']",NEGATIVE,0.943,no run
"full and straight, turned to midwicket","['Ajinkya Rahane', 'Chris Woakes']","['India', 'England total runs']",NEGATIVE,0.579,no run
"full and nibbles away late outside off, Rahane leaves it be","['Rahane', 'Ajinkya Rahane', 'Chris Woakes']","['India', 'England total runs']",NEGATIVE,0.962,no run
Rahane plays with soft hands and guides it to the cordon,"['Ajinkya Rahane', 'Chris Woakes']","['India', 'England total runs']",POSITIVE,1.0,no run
"full on off, defended to the covers off the front foot","['Ajinkya Rahane', 'Chris Woakes']","['India', 'England total runs']",NEGATIVE,0.912,no run
"full toss on middle, driven back, the bowler gets a hand onto it and deflects it towards long on","['Ajinkya Rahane', 'Chris Woakes']","['India', 'England total runs']",POSITIVE,0.973,run
"short and outside off, Rahane swats it away like a fly to backward square leg","['Rahane', 'Ben Stokes', 'Ajinkya Rahane']","['India', 'England total runs']",NEGATIVE,0.963,no run
"short and outside off, Rahane drops his gloves and lets it thud into the gloves of YJB","['Rahane', 'Ben Stokes', 'Ajinkya Rahane']","['India', 'England total runs']",NEGATIVE,0.994,no run
"bouncer on off, Rahane has his eyes locked on the ball before sinking under it","['Rahane', 'Ben Stokes', 'Ajinkya Rahane']","['India', 'England total runs']",NEGATIVE,0.935,no run
"short and ducks back in, Rahane aims to evade it, the ball hits his back instead and runs away to fine leg","['Rahane', 'Ben Stokes', 'Ajinkya Rahane']","['India', 'England total runs']",NEGATIVE,0.954,no run
Rahane jumps to get on top of a short ball outside off and jab it away through backward point,"['Ben Stokes', 'Ajinkya Rahane']","['India', 'England total runs']",NEGATIVE,0.735,run
"back of a length and moving away outside off, Kohli lets it pass","['Ben Stokes', 'Virat Kohli', 'Kohli']","['India', 'England total runs']",POSITIVE,0.925,no run
full and angling into a solid push to mid on off the front foot,"['Ajinkya Rahane', 'Chris Woakes']","['India', 'England total runs']",POSITIVE,0.994,no run
"full and angling into off, Rahane presses forward, meets the pitch, opens the face and dabs to point","['Rahane', 'Ajinkya Rahane', 'Chris Woakes']","['India', 'England total runs']",POSITIVE,0.997,no run
"dug in short and outside off, Rahane swerves out of the way","['Rahane', 'Ajinkya Rahane', 'Chris Woakes']","['India', 'England total runs']",POSITIVE,0.527,no run
glanced off the pads to long leg,"['Ajinkya Rahane', 'Chris Woakes']","['India', 'England total runs']",NEGATIVE,0.934,run
"wide of the crease, banged down leg, Kohli leaves it, the ball skips away fine past a tumbling YJB","['Kohli', 'Virat Kohli', 'Chris Woakes']","['India', 'England total runs']",NEGATIVE,0.862,bye
"short on off, Kohli rides the bounce and fends it off to short leg","['Kohli', 'Virat Kohli', 'Chris Woakes']","['India', 'England total runs']",POSITIVE,0.986,no run
"oh glorious. Overpitched ball just outside off, nicely to the pitch of it to punch wide of mid off","['Stuart Broad', 'Ajinkya Rahane']","['India', 'England total runs']",POSITIVE,0.999,four
"length outside off, left alone","['Stuart Broad', 'Ajinkya Rahane']","['India', 'England total runs']",NEGATIVE,0.998,no run
"short of a length at middle stump, defended off the back foot","['Stuart Broad', 'Ajinkya Rahane']","['India', 'England total runs']",NEGATIVE,0.931,no run
"length ball just outside off, defended into the covers","['Stuart Broad', 'Ajinkya Rahane']","['India', 'England total runs']",POSITIVE,0.75,no run
"short of a length just outside off, defended off the back foot","['Stuart Broad', 'Ajinkya Rahane']","['India', 'England total runs']",NEGATIVE,0.906,no run
"short of a length outside off, left alone","['Stuart Broad', 'Ajinkya Rahane']","['India', 'England total runs']",NEGATIVE,0.997,no run
leading edge as this rises on Kohli. He's looking to turn the corridor ball into the leg side,"['Kohli', 'Virat Kohli', 'Chris Woakes']","['India', 'England total runs']",POSITIVE,0.985,run
"short of a length in the corridor, defended off the back foot","['Ajinkya Rahane', 'Chris Woakes']","['India', 'England total runs']",NEGATIVE,0.982,no run
"length ball bending away from wide outside off, left alone","['Ajinkya Rahane', 'Chris Woakes']","['India', 'England total runs']",NEGATIVE,0.991,no run
leading edge again. Short of a length and curving away from off. Looks to whip it leg side and it ends up at cover,"['Ajinkya Rahane', 'Chris Woakes']","['India', 'England total runs']",NEGATIVE,0.766,no run
"length ball wide outside off, left alone","['Ajinkya Rahane', 'Chris Woakes']","['India', 'England total runs']",NEGATIVE,0.923,no run
dropped! A difficult chance at point for Anderson. Woakes drops it short outside off and Rahane slaps it viciously off the back foot. It's a few feet above Anderson and he leaps one handed but can't hold on. The ball was above his right shoulder and he went left handed remember Collingwood?,"['Collingwood', 'Anderson', 'Chris Woakes', 'Rahane', 'Ajinkya Rahane']","['India', 'England total runs']",NEGATIVE,0.958,no run
"length on off stump, punched to mid off","['Stuart Broad', 'Virat Kohli']","['India', 'England total runs']",NEGATIVE,0.99,no run
"short of a length outside off, punched to deep point off the back foot","['Stuart Broad', 'Virat Kohli']","['India', 'England total runs']",NEGATIVE,0.986,run
"outside edge between second and third slip. A loose drive from Rahane. Angled bat, half stride and looking to go leg side at an off stump ball. Because third slip is close in, this squeezes through","['Stuart Broad', 'Ajinkya Rahane']","['India', 'England total runs']",POSITIVE,0.991,four
"short of a length outside off, left alone","['Stuart Broad', 'Ajinkya Rahane']","['India', 'England total runs']",NEGATIVE,0.997,no run
"full on off stump, punched back down the pitch","['Stuart Broad', 'Ajinkya Rahane']","['India', 'England total runs']",NEGATIVE,0.983,no run
"short and wide outside off, cut to deep point","['Stuart Broad', 'Ajinkya Rahane']","['India', 'England total runs']",NEGATIVE,0.727,run
"short of a length outside off, comes on slowly as he looks to push through the covers. It's into square leg off the inside half","['Ajinkya Rahane', 'Chris Woakes']","['India', 'England total runs']",NEGATIVE,0.99,run
"in the air but short of extra cover. Length ball curves away and he looks to drive on the up. We've said it earlier, this is slow ish pitch. Both batsmen have been deceived by it this over","['Virat Kohli', 'Chris Woakes']","['India', 'England total runs']",NEGATIVE,0.996,no run
"length outside off, more controlled push to extra cove this time","['Virat Kohli', 'Chris Woakes']","['India', 'England total runs']",NEGATIVE,0.946,no run
"length ball in the corridor, shaping away, left alone","['Virat Kohli', 'Chris Woakes']","['India', 'England total runs']",NEGATIVE,0.997,no run
"nudges it past third slip and the luck continues to elude Anderson. This time he sprints across from deep backward point, puts in a slide to his left and seems to have done it all. But his attempted flick back meets his fingers and the ball rolls into him as he slides into the boundary padding. Kohli was in control of that length ball outside off","['Anderson', 'Kohl', 'Virat Kohli', 'Chris Woakes']","['India', 'England total runs']",POSITIVE,0.991,four
"short of a length outside off, bunted to deep point","['Virat Kohli', 'Chris Woakes']","['India', 'England total runs']",NEGATIVE,0.852,run
"length on off stump, tapped to extra cover off the front foot","['Stuart Broad', 'Virat Kohli']","['India', 'England total runs']",NEGATIVE,0.987,no run
"beaten. Angles in, gets him to play outside off, slides it past the outside edge","['Stuart Broad', 'Virat Kohli']","['India', 'England total runs']",NEGATIVE,0.994,no run
"length and in at off stump, defended off the front foot","['Stuart Broad', 'Virat Kohli']","['India', 'England total runs']",POSITIVE,0.59,no run
"overpitched just outside off, driven firmly to extra cover","['Stuart Broad', 'Virat Kohli']","['India', 'England total runs']",NEGATIVE,0.985,no run
"length ball just outside off, some late wobble. Left alone","['Stuart Broad', 'Virat Kohli']","['India', 'England total runs']",NEGATIVE,1.0,no run
"beaten. Sensational legcutter, rising sharply as Kohli looks to poke at it","['Stuart Broad', 'Virat Kohli', 'Kohli']","['India', 'England total runs']",POSITIVE,0.576,no run
"length outside off, blocked on the front foot","['Ajinkya Rahane', 'Chris Woakes']","['India', 'England total runs']",NEGATIVE,0.989,no run
"short of a length outside off, nudged into the covers off the back foot","['Ajinkya Rahane', 'Chris Woakes']","['India', 'England total runs']",NEGATIVE,0.98,no run
"hammered through cover. Aerial again but well in front of square. Short and wide outside off, no attempt to keep the cut down","['Ajinkya Rahane', 'Chris Woakes']","['India', 'England total runs']",NEGATIVE,0.986,four
"short of a length outside off, nudged to point off the back foot","['Ajinkya Rahane', 'Chris Woakes']","['India', 'England total runs']",NEGATIVE,0.961,no run
"full ball just outside off, toe ended drive to extra cover","['full ball', 'Ajinkya Rahane', 'Chris Woakes']","['India', 'England total runs']",POSITIVE,0.673,no run
"short of a length outside off, left alone","['Ajinkya Rahane', 'Chris Woakes']","['India', 'England total runs']",NEGATIVE,0.997,no run
"back of a length and on off, Kohli shuffles across a touch and clips to midwicket","['Stuart Broad', 'Virat Kohli', 'Kohli']","['India', 'England total runs']",POSITIVE,0.575,no run
"full and wobbles away outside off, Kohli presses forward and shoulders arms","['Stuart Broad', 'Virat Kohli', 'Kohli']","['India', 'England total runs']",POSITIVE,0.96,no run
good length and angling into a push towards mid off,"['Stuart Broad', 'Virat Kohli']","['India', 'England total runs']",POSITIVE,0.994,no run
"full and angling into off, Kohli shuffles across again and whips it with the wrists through midwicket. A tumbling save in the deep keeps it to two","['Stuart Broad', 'Virat Kohli', 'Kohli']","['India', 'England total runs']",POSITIVE,0.987,run
"pitched up and angling in on of, Kohli presses forward and drives to mid off","['Stuart Broad', 'Virat Kohli', 'Kohli']","['India', 'England total runs']",POSITIVE,0.997,no run
"good length and slanting in at off stump, draws Kohli forward, draws the inside edge, the ball rolls away to the leg side","['Stuart Broad', 'Virat Kohli', 'Kohli']","['India', 'England total runs']",POSITIVE,0.999,no run
"back of a length and angling in, Rahane flicks early and watches a leading edge land in front of cover","['Rahane', 'Ajinkya Rahane', 'Chris Woakes']","['India', 'England total runs']",POSITIVE,0.995,no run
"short and ducks back in just outside off, cramps the batsman for room. Rahane hops and jabs to the cordon","['Ajinkya Rahane', 'Chris Woakes']","['India', 'England total runs']",NEGATIVE,0.786,no run
"wide of the crease, full and nipping in on off, defended","['Ajinkya Rahane', 'Chris Woakes']","['India', 'England total runs']",POSITIVE,0.985,no run
"short on leg stump, Rahane swivels on the back foot and middles a pull to fine leg","['Rahane', 'Ajinkya Rahane', 'Chris Woakes']","['India', 'England total runs']",POSITIVE,0.948,run
Kohli gets inside the line of this length ball on middle and clips it away to deep square leg,"['Kohli', 'Virat Kohli', 'Chris Woakes']","['India', 'England total runs']",POSITIVE,0.948,run
"good length and holds its line outside off, Rahane pulls his bat out of the way","['Rahane', 'Ajinkya Rahane', 'Chris Woakes']","['India', 'England total runs']",POSITIVE,1.0,no run
"back of a length and around off, Kohli gets forward and taps to cover","['Stuart Broad', 'Virat Kohli', 'Kohli']","['India', 'England total runs']",POSITIVE,0.995,no run
"good length and outside off, punchily played up to the covers","['Stuart Broad', 'Virat Kohli']","['India', 'England total runs']",POSITIVE,1.0,no run
"banged in short on middle, it's Kohli's turn to swivel and pull it away. He places it fine of long leg for four","['Stuart Broad', 'Virat Kohli', 'Kohli']","['India', 'England total runs']",POSITIVE,0.905,four
"fuller and outside off, swings away further, Kohli lets it go","['Stuart Broad', 'Virat Kohli', 'Kohli']","['India', 'England total runs']",POSITIVE,0.999,no run
Kohli twirls his wrists and flicks a length ball to deep square after getting inside the line,"['Stuart Broad', 'Virat Kohli']","['India', 'England total runs']",POSITIVE,0.994,run
"on a length on off, blocked off the front foot","['Stuart Broad', 'Ajinkya Rahane']","['India', 'England total runs']",NEGATIVE,0.988,no run
"near yorker on off, shovelled away to the right of mid on for three. Positive running from Kohli and Rahane","['Rahane', 'Kohli', 'Virat Kohli', 'Chris Woakes']","['India', 'England total runs']",POSITIVE,0.992,run
"short on leg or outside leg, Rahane sizes it up and swats it away to the fine leg boundary. Is Woakes tiring?","['Woakes', 'Rahane', 'Ajinkya Rahane', 'Chris Woakes']","['India', 'England total runs']",NEGATIVE,0.986,four
"good length and angling into middle, Rahane drops it to the leg side for one","['Rahane', 'Ajinkya Rahane', 'Chris Woakes']","['India', 'England total runs']",POSITIVE,0.997,run
"pitched up on off or just a shade outside off, Kohli leans into it and drives it languidly straight of mid off. Right out of the coaching manual","['Kohli', 'Virat Kohli', 'Chris Woakes']","['India', 'England total runs']",POSITIVE,0.992,four
"fuller and outside off, slices a drive wide of mid off. That's the 150 stand","['Virat Kohli', 'Chris Woakes']","['India', 'England total runs']",NEGATIVE,0.752,run
"back of a length and outside off, Rahane steps forward and utterly batters it away through the cover point region. Bam!","['Rahane', 'Ajinkya Rahane', 'Chris Woakes']","['India', 'England total runs']",NEGATIVE,0.963,four
"short and outside off, gets on top of it and punches with a high elbow to mid off","['Stuart Broad', 'Virat Kohli']","['India', 'England total runs']",POSITIVE,0.926,no run
"short and angling into the hips, tucked to deep square leg","['Stuart Broad', 'Virat Kohli']","['India', 'England total runs']",POSITIVE,0.994,run
"on a length and on off, forward and driven to the covers","['Stuart Broad', 'Ajinkya Rahane']","['India', 'England total runs']",POSITIVE,0.727,no run
"back of a length and outside off, stabbed to the covers, where Stokes gets into a side on position and lets the ball burst through his hands","['Stuart Broad', 'Stokes', 'Ajinkya Rahane']","['India', 'England total runs']",NEGATIVE,0.691,run
"short on middle, nurdled away into the vacant spaces at midwicket","['Stuart Broad', 'Ajinkya Rahane']","['India', 'England total runs']",NEGATIVE,0.996,run
"Cook sticks his left hand out and plucks a one hander at first slip. Great reflexes. England, finally, find a way past this pair. This was pitched up and seams away a wee bit outside off, Rahane's front foot is nowhere close to the pitch. He reaches out for the ball with his hands, drives loosely, and nicks it off. He kept going after such balls in the previous over and got away. This time he falls","['Stuart Broad', 'Rahane', 'Ajinkya Rahane', 'Cook']","['India', 'England total runs']",NEGATIVE,0.976,out
"back of a length and wide outside off, Kohli shows more vigilance outside off and leaves","['James Anderson', 'Virat Kohli', 'Kohli']","['India', 'England total runs']",NEGATIVE,0.836,no run
"short and wide outside off, chopped away to point","['James Anderson', 'Virat Kohli']","['India', 'England total runs']",NEGATIVE,0.889,no run
Kohli gets on top of a short ball outside off sweetly punches through the covers,"['James Anderson', 'Virat Kohli', 'Kohli']","['India', 'England total runs']",POSITIVE,0.986,four
"pitched up and outside off, opens the face and drives to sweeper","['James Anderson', 'Virat Kohli']","['India', 'England total runs']",POSITIVE,0.953,run
"full and straight, whipped away to deep square leg","['James Anderson', 'Virat Kohli']","['India', 'England total runs']",POSITIVE,0.982,run
"back of a length and wide outside off, no shot","['James Anderson', 'Hardik Pandya']","['India', 'England total runs']",NEGATIVE,0.936,no run
"full on off, pushed to the covers","['Stuart Broad', 'Virat Kohli']","['India', 'England total runs']",NEGATIVE,0.964,run
"full on middle, shuffles across and whisks it away to mid on","['Stuart Broad', 'Hardik Pandya']","['India', 'England total runs']",POSITIVE,0.935,no run
"back of a length on off, opens the face and runs it away to the covers","['Stuart Broad', 'Hardik Pandya']","['India', 'England total runs']",NEGATIVE,0.981,no run
"a bit too full on off, Hardik stretches out and drives it firmly to the right of mid on for four","['Stuart Broad', 'Hardik', 'Hardik Pandya']","['India', 'England total runs']",NEGATIVE,0.919,four
Hardik shuffles across and drops a length ball to the leg side,"['Stuart Broad', 'Hardik', 'Hardik Pandya']","['India', 'England total runs']",NEGATIVE,0.97,no run
"back of a length and swerves back in, close to off, well judged leave by Pandya","['Stuart Broad', 'Hardik Pandya']","['India', 'England total runs']",NEGATIVE,0.987,no run
"full and outside off, opens the face and guides a single through point","['James Anderson', 'Virat Kohli']","['India', 'England total runs']",POSITIVE,0.99,run
"full and outside off, ignored","['James Anderson', 'Hardik Pandya']","['India', 'England total runs']",NEGATIVE,0.997,no run
"full and angling in, seams away, catches the outside edge and rolls to the cordon","['James Anderson', 'Hardik Pandya']","['India', 'England total runs']",POSITIVE,0.985,no run
"back of a length and keeps low on off, Pandya adjusts and jams it down","['James Anderson', 'Hardik Pandya']","['India', 'England total runs']",NEGATIVE,0.988,no run
"back of a length and zipping through the corridor, no shot","['James Anderson', 'Hardik Pandya']","['India', 'England total runs']",NEGATIVE,0.978,no run
"back of a length and nips away outside off, Pandya drags his bat inside the line and lets it go","['James Anderson', 'Hardik Pandya', 'Pandya']","['India', 'England total runs']",POSITIVE,0.993,no run
"back of a length and straying into the hips, easy peasy, clipped fine on the leg side for four. The man in the deep is square","['Stuart Broad', 'Virat Kohli']","['India', 'England total runs']",POSITIVE,0.954,four
"full nip backer, Kohli once again gets his front pad outside the line and is beaten on the inside edge","['Stuart Broad', 'Virat Kohli', 'Kohli']","['India', 'England total runs']",NEGATIVE,0.982,no run
"full and slanting in, Kohli thrusts his pad outside the line and misses it again","['Stuart Broad', 'Virat Kohli', 'Kohli']","['India', 'England total runs']",NEGATIVE,1.0,no run
"full and nipping down the leg side, beats the bat, beats the diving YJB, and skips away to the fence","['Stuart Broad', 'Virat Kohli']","['India', 'England total runs']",POSITIVE,0.872,bye
"full and outside off, squeezes a drive to mid off's right","['Stuart Broad', 'Virat Kohli']","['India', 'England total runs']",POSITIVE,0.982,no run
whipped off the pads to deep square for another couple of runs,"['Stuart Broad', 'Virat Kohli']","['India', 'England total runs']",NEGATIVE,0.971,run
"full on middle stump, flicked to mid on","['James Anderson', 'Hardik Pandya']","['India', 'England total runs']",NEGATIVE,0.856,no run
"length ball wide outside off, left alone","['James Anderson', 'Hardik Pandya']","['India', 'England total runs']",NEGATIVE,0.923,no run
late swing away from a length on off stump. jabs with hard hands and gets a thick outside edge to point,"['James Anderson', 'Hardik Pandya']","['India', 'England total runs']",POSITIVE,0.993,no run
"length ball wide outside off, hangs the bat inside the line and is beaten","['James Anderson', 'Hardik Pandya']","['India', 'England total runs']",NEGATIVE,0.998,no run
length ball hooping into the pads. Leans into the off side and pokes to midwicket,"['James Anderson', 'Hardik Pandya']","['India', 'England total runs']",NEGATIVE,0.697,no run
mistimed but he's got enough to find the extra cover boundary. Length ball outside off and he doesn't get the pitch so ends up slicing it on the up. Rolls wide of mid off and beats him,"['James Anderson', 'Hardik Pandya']","['India', 'England total runs']",POSITIVE,0.936,four
"short of a length on off stump, defended down the pitch off the back foot","['Ben Stokes', 'Virat Kohli']","['India', 'England total runs']",NEGATIVE,0.697,no run
"guides it past the slip cordon. Short of a length just outside off, allows it to come on and opens the face late. Plays with soft hands","['Ben Stokes', 'Virat Kohli']","['India', 'England total runs']",NEGATIVE,0.858,run
hooks to Rashid's left at deep square. Bouncer is picked easily by Kohli who swivels and gets into this,"['Kohli', 'Ben Stokes', 'Virat Kohli', 'Rashid']","['India', 'England total runs']",POSITIVE,0.999,run
"length ball on middle stump, punched back down the pitch. Stokes dives and parries it to mid on as Pandya lunges back into the crease","['Ben Stokes', 'Virat Kohli']","['India', 'England total runs']",NEGATIVE,0.68,no run
"length outside off, driven on the up to extra cover","['Ben Stokes', 'Virat Kohli']","['India', 'England total runs']",NEGATIVE,0.968,no run
"length ball outside off, left alone","['Ben Stokes', 'Virat Kohli']","['India', 'England total runs']",NEGATIVE,0.992,no run
length on middle stump. Slides on with the angle and catches the inside half as Pandya looks to drive for a legbreak through cover,"['Hardik Pandya', 'Adil Rashid', 'Pandya']","['India', 'England total runs']",POSITIVE,0.976,no run
"review for caught behind. Stokes has had to convince Root, because Pandya has left this ball outside off. It was an innocuous length ball outside off. There was a sound. There was no appeal from anyone other than Stokes. Ball has brushed the pad. And the lbw is out of question, he's struck outside off. England are out of reviews.","['Hardik Pandya', 'Ball', 'Adil Rashid', 'Pandya']","['India', 'England total runs']",NEGATIVE,0.999,no run
slapped to the the midwicket boundary. That's dropped short on middle and Pandya has middled the heck out of this,"['Hardik Pandya', 'Adil Rashid', 'Pandya']","['India', 'England total runs']",NEGATIVE,0.995,four
full and pushed through fast outside off,"['Hardik Pandya', 'Adil Rashid']","['India', 'England total runs']",POSITIVE,0.981,no run
"tossed up on middle stump, flicked to midwicket","['Hardik Pandya', 'Adil Rashid']","['India', 'England total runs']",NEGATIVE,0.96,no run
"tossed up on off stump, driven to short extra cover","['Hardik Pandya', 'Adil Rashid']","['India', 'England total runs']",NEGATIVE,0.997,no run
length and just outside off. Defended on the front foot,"['Ben Stokes', 'Virat Kohli']","['India', 'England total runs']",NEGATIVE,0.954,no run
"short ball down leg side, can't get bat on the attempted leg glance","['Ben Stokes', 'Virat Kohli']","['India', 'England total runs']",NEGATIVE,0.955,no run
short of a length and in at off stump. Dead bats it into the pitch off the back foot,"['Ben Stokes', 'Virat Kohli']","['India', 'England total runs']",NEGATIVE,0.804,no run
"length ball pushed down leg side, can't get bat on it again","['Ben Stokes', 'Virat Kohli']","['India', 'England total runs']",NEGATIVE,0.945,no run
"inside edge trickles past the leg stump and to deep square's right. Kohli driving loosely, well away from the body outside off. He wants a second and Pandya practically scolds his captain as he stands his ground and signals him to get back","[""deep square's"", 'Ben Stokes', 'Virat Kohli', 'Pandya']","['India', 'England total runs']",NEGATIVE,0.985,run
"length outside off, defended on the front foot","['Ben Stokes', 'Hardik Pandya']","['India', 'England total runs']",NEGATIVE,0.837,no run
"short and very wide outside off, thumped to sweeper's right off the back foot","['Virat Kohli', 'Adil Rashid']","['India', 'England total runs']",POSITIVE,0.724,run
"length ball on off stump, defended solidly to extra cover","['Virat Kohli', 'Adil Rashid']","['India', 'England total runs']",POSITIVE,0.996,no run
"short and wide outside off, under edges to point with the cut","['Virat Kohli', 'Adil Rashid']","['India', 'England total runs']",NEGATIVE,0.888,no run
"length on leg stump, gets forward and pushes to midwicket","['Virat Kohli', 'Adil Rashid']","['India', 'England total runs']",POSITIVE,0.975,no run
"length ball skidding straight on at middle stump, defended off the inside half on the front foot","['Virat Kohli', 'Adil Rashid']","['India', 'England total runs']",NEGATIVE,0.834,no run
"Adil Rashid has got one to turn after sliding many on straight. What an anti climax! He doesn't even know how to celebrate, but this is a good ball. It's tossed up, it's loopy, it's got revs. He hasn't bowled too many of these today. This one lands outside off. Kohli looks to crash it through the line to sweeper cover's right. But he isn't to the pitch and with the turn away, he isn't in control. Stokes takes easily to his left at slip. India's captain is gone after another superb knock under tough circumstances","['li', 'Virat Kohli', 'Adil Rashid', 'Kohli']","['India', 'England total runs']",NEGATIVE,0.891,out
jabs and misses. Stokes curves one in outside off at a length. Hangs his bat out anxiously,"['Ben Stokes', 'Hardik Pandya']","['India', 'England total runs']",NEGATIVE,0.982,no run
short of a length and down leg side. Can't get bat on the whip,"['Ben Stokes', 'Hardik Pandya']","['India', 'England total runs']",NEGATIVE,0.98,no run
"length ball outside off, left alone","['Ben Stokes', 'Hardik Pandya']","['India', 'England total runs']",NEGATIVE,0.992,no run
"short and wide outside off, left alone","['Ben Stokes', 'Hardik Pandya']","['India', 'England total runs']",NEGATIVE,0.987,no run
"length ball wide outside off, left alone","['Ben Stokes', 'Hardik Pandya']","['India', 'England total runs']",NEGATIVE,0.923,no run
"length ball just outside off, blocked on the front foot","['Ben Stokes', 'Hardik Pandya']","['India', 'England total runs']",NEGATIVE,0.974,no run
"length on off, pushed to cover","['Rishabh Pant', 'Adil Rashid']","['India', 'England total runs']",NEGATIVE,0.992,no run
"off the mark with a six! Down the track straight away. It's a googly, he's foxed slightly as he looks to go straight. The bat turns in his hand but there's no half measures in his swing. Clears the straight boundary comfortably","['Rishabh Pant', 'Adil Rashid']","['India', 'England total runs']",POSITIVE,0.982,six
"length on off, blocked on the front foot","['Rishabh Pant', 'Adil Rashid']","['India', 'England total runs']",NEGATIVE,0.993,no run
"googly, length and turning away from off stump. Pushed into the off side off the front foot","['Rishabh Pant', 'Adil Rashid']","['India', 'England total runs']",NEGATIVE,0.996,no run
"full toss outside off, whipped to long on's left","['Rishabh Pant', 'Adil Rashid']","['India', 'England total runs']",NEGATIVE,0.968,run
"short of a length on the pads, whipped to deep square","['Rishabh Pant', 'Adil Rashid']","['India', 'England total runs']",NEGATIVE,0.985,run
inswinging yorker at leg stump. Plants the leg across and jams it into the leg side,"['Rishabh Pant', 'Ben Stokes']","['India', 'England total runs']",NEGATIVE,0.872,no run
"bouncer down leg side, lets it go","['Rishabh Pant', 'Ben Stokes']","['India', 'England total runs']",POSITIVE,0.998,no run
lenght ball down leg side,"['Rishabh Pant', 'Ben Stokes']","['India', 'England total runs']",NEGATIVE,0.91,no run
"length and angled in at leg stump, nudged through midwicket off the front foot","['Rishabh Pant', 'Ben Stokes']","['India', 'England total runs']",NEGATIVE,0.59,run
short ball. Very short ball. Easily ducked,"['Ben Stokes', 'Hardik Pandya']","['India', 'England total runs']",NEGATIVE,0.983,no run
"short of a length into the hips, nudged through square off the back foot","['Ben Stokes', 'Hardik Pandya']","['India', 'England total runs']",NEGATIVE,0.844,run
"length ball outside off, left alone","['Hardik Pandya', 'Adil Rashid']","['India', 'England total runs']",NEGATIVE,0.992,no run
"short of a length on leg stump, pushed to midwicket off the back foot","['Hardik Pandya', 'Adil Rashid']","['India', 'England total runs']",NEGATIVE,0.98,no run
"tossed up on off stump, driven to extra cover with the turn","['Hardik Pandya', 'Adil Rashid']","['India', 'England total runs']",NEGATIVE,0.98,no run
"full on off stump, driven to mid off","['Hardik Pandya', 'Adil Rashid']","['India', 'England total runs']",NEGATIVE,0.988,no run
"short and wide outside off, chopped to sweeper cover","['Hardik Pandya', 'Adil Rashid']","['India', 'England total runs']",NEGATIVE,0.951,run
"short and wide outside off, cut to deep point","['Rishabh Pant', 'Adil Rashid']","['India', 'England total runs']",NEGATIVE,0.727,run
"inside edge onto pad. Length ball wide outside off, looks to drive away from the body","['Rishabh Pant', 'James Anderson']","['India', 'England total runs']",NEGATIVE,0.982,no run
"short of a length on middle stump, pushed to midwicket from the crease","['Rishabh Pant', 'James Anderson']","['India', 'England total runs']",NEGATIVE,0.987,no run
"short of a length on leg stump, clipped to fine leg's left","['Rishabh Pant', 'James Anderson']","['India', 'England total runs']",NEGATIVE,0.923,run
"length ball across off stump, left alone","['Rishabh Pant', 'James Anderson']","['India', 'England total runs']",NEGATIVE,0.98,no run
"short and wide outside off, left alone","['Rishabh Pant', 'James Anderson']","['India', 'England total runs']",NEGATIVE,0.987,no run
"length ball wide outside off, left alone","['Rishabh Pant', 'James Anderson']","['India', 'England total runs']",NEGATIVE,0.923,no run
short of a length wide outside off. Left alone,"['Stuart Broad', 'Hardik Pandya']","['India', 'England total runs']",NEGATIVE,0.999,no run
"length ball jumping away outside off, left alone","['Stuart Broad', 'Hardik Pandya']","['India', 'England total runs']",NEGATIVE,0.992,no run
"short ball wide outside off, left alone","['Stuart Broad', 'Hardik Pandya']","['India', 'England total runs']",NEGATIVE,0.965,no run
"dropped! Jennings puts down a simple lob at third slip. Length ball just outside off, swings in, catches him on the glove after rising up. Brushes the shoulder too to take some pace off it. Jennings sort of...falls into it...and puts it down as he tumbles. Beaten by its slowness?","['Stuart Broad', 'Jennings', 'Hardik Pandya']","['India', 'England total runs']",NEGATIVE,0.995,no run
"short of a length on off stump, defended off the back foot","['Stuart Broad', 'Hardik Pandya']","['India', 'England total runs']",NEGATIVE,0.899,no run
"short and wide outside off, left alone","['Stuart Broad', 'Hardik Pandya']","['India', 'England total runs']",NEGATIVE,0.987,no run
"length ball pushed across the corridor, left alone","['Rishabh Pant', 'James Anderson']","['India', 'England total runs']",NEGATIVE,0.998,no run
"length ball just outside off, defended solidly on the front foot","['Rishabh Pant', 'James Anderson']","['India', 'England total runs']",POSITIVE,0.997,no run
"length outside off, bat turns as he looks to drive through cover on the up. Manages to get it wide of mid off for the single","['Rishabh Pant', 'James Anderson']","['India', 'England total runs']",NEGATIVE,0.708,run
"length ball shaping away outside off, left alone","['James Anderson', 'Hardik Pandya']","['India', 'England total runs']",NEGATIVE,0.988,no run
"zips past the slip cordon. Anderson has Pandya playing with hard hands at an outswinger. Finds the edge too, but it'll be four","['James Anderson', 'Hardik Pandya', 'Pandya', 'Anderson']","['India', 'England total runs']",POSITIVE,0.988,four
"short of a length just outside off, steered towards third slip with an open face","['James Anderson', 'Hardik Pandya']","['India', 'England total runs']",NEGATIVE,0.75,no run
"short and rising outside off, left alone","['Rishabh Pant', 'Stuart Broad']","['India', 'England total runs']",NEGATIVE,0.996,no run
